,0H,1H,2H,3H,4H,5H,6H,7H,8H,9H,10H,11H,12H,13H,14H,15H,16H,17H,18H,19H,20H,21H,22H,23H
01,22.7,21.7,21.6,22.0,22.4,22.4,22.5,23.3,23.5,24.4,24.9,24.8,23.9,23.2,23.3,23.7,23.5,23.5,22.5,21.9,21.4,21.3,21.3,21.6
02,21.6,21.1,20.5,20.4,20.2,20.7,20.8,21.2,20.8,20.7,22.7,22.9,23.7,24.3,24.9,24.9,25.0,24.9,23.9,23.0,22.2,21.7,21.5,21.7
03,21.4,20.9,20.4,20.2,20.0,20.1,20.3,20.4,20.8,22.4,22.7,22.3,23.1,23.4,22.6,24.0,24.6,24.9,24.7,23.7,21.2,20.8,20.9,20.7
04,20.8,21.1,21.1,20.9,20.8,20.5,20.5,21.1,22.5,23.8,24.1,23.8,22.2,22.7,21.7,21.4,21.3,21.4,21.3,21.4,21.3,21.5,20.8,20.8
05,21.3,21.9,22.4,22.6,22.5,23.5,23.4,23.8,22.4,22.8,23.3,23.4,22.9,23.6,23.3,23.4,23.5,21.8,21.7,21.0,20.4,21.1,21.2,20.8
06,20.6,20.2,20.1,19.7,19.7,19.3,19.4,19.2,19.7,20.9,20.8,21.4,22.6,23.4,22.7,22.4,23.2,22.9,21.8,21.2,20.0,19.9,19.6,19.7
07,19.4,19.4,19.3,19.4,19.8,19.7,20.0,20.4,21.1,21.6,22.0,23.1,25.0,24.6,25.7,26.0,25.3,26.5,26.0,25.1,23.6,22.8,21.8,20.8
08,21.7,20.7,20.9,20.2,20.7,20.7,21.0,22.0,24.2,26.0,27.7,27.9,27.7,27.8,28.3,28.2,29.2,27.8,25.9,24.8,23.3,23.0,23.2,23.5
09,23.1,22.9,22.8,22.6,22.2,22.5,23.1,25.1,26.5,27.3,27.7,28.8,28.2,28.1,28.6,29.6,28.7,27.4,26.5,24.4,23.7,23.6,23.1,23.0
10,22.7,22.0,21.6,21.4,21.2,21.2,21.5,23.0,24.1,25.0,26.1,27.0,27.7,27.9,28.5,28.3,27.1,27.2,26.9,25.1,24.4,24.1,23.1,22.9
11,22.7,22.1,22.3,22.1,22.0,21.8,21.4,22.7,23.9,25.1,26.4,26.9,28.4,30.2,30.6,29.1,28.9,27.7,27.0,25.6,25.6,24.6,24.3,24.0
12,23.2,22.9,23.1,22.4,22.8,23.0,22.5,23.1,24.4,24.3,26.5,26.1,26.9,27.3,27.5,26.7,25.8,25.4,25.1,23.9,23.6,23.7,23.4,23.2
13,23.2,22.6,22.8,22.4,22.3,22.5,22.1,23.0,24.1,24.4,23.8,24.4,24.7,25.8,24.9,25.7,26.0,25.6,25.7,24.0,23.3,23.5,23.5,23.6
14,23.7,23.1,23.0,23.0,22.8,22.6,22.4,22.9,24.0,24.8,25.8,26.5,27.3,27.0,27.9,27.9,28.5,28.4,28.6,27.6,26.5,24.9,25.0,25.4
15,25.1,24.4,25.0,24.8,24.6,23.5,23.3,23.9,25.2,26.1,27.2,27.1,27.0,27.4,27.6,27.9,27.2,27.1,26.6,25.9,25.5,25.9,24.6,23.5
16,23.4,23.1,22.6,21.5,20.7,20.2,19.9,19.8,19.8,19.9,20.1,20.1,20.3,20.7,21.0,21.3,21.4,21.4,21.5,21.7,21.7,21.7,21.3,20.4
17,20.8,20.6,20.4,20.4,20.0,19.9,20.0,20.4,20.7,21.5,21.4,21.5,21.2,21.5,21.4,21.4,21.8,21.5,21.6,21.3,20.9,20.6,20.6,20.7
18,20.8,20.7,20.6,20.3,20.2,20.2,20.2,21.7,22.0,23.3,23.0,23.1,24.1,25.2,25.1,25.9,25.8,24.5,24.1,23.2,22.6,22.4,22.2,22.2
19,21.6,21.0,21.0,21.0,21.1,21.1,21.0,21.3,22.5,24.8,27.2,27.9,29.0,29.2,28.9,29.1,28.8,27.9,27.7,27.2,25.0,25.0,25.3,25.7
20,25.2,23.2,23.5,23.4,22.9,23.1,23.1,24.0,26.1,27.3,27.9,28.4,29.7,30.7,30.9,31.2,29.5,28.7,29.4,28.7,28.5,28.5,27.8,27.4
21,25.5,25.9,24.8,24.3,24.0,24.3,24.0,24.5,25.4,26.2,26.8,27.2,28.3,29.3,29.6,30.4,30.4,30.7,29.6,29.5,27.4,27.5,27.5,27.1
22,26.3,26.5,25.8,25.4,24.9,24.5,25.5,25.5,26.4,28.3,28.8,29.6,30.2,30.6,31.6,30.9,29.8,29.4,28.7,27.6,26.6,26.6,26.5,26.4
23,26.3,25.4,25.8,25.6,25.7,26.0,26.1,24.9,26.7,27.1,28.2,27.9,28.9,29.0,29.1,28.7,28.9,28.3,26.5,26.0,26.9,26.8,27.0,25.6
24,26.0,25.9,26.0,26.0,25.5,25.4,25.3,25.4,25.9,26.1,26.0,26.3,26.6,27.7,27.9,27.2,27.4,27.7,27.6,27.2,26.8,27.0,26.7,26.3
25,25.6,25.5,25.4,25.4,25.3,25.2,25.2,25.6,26.3,26.7,26.4,26.8,28.1,27.8,27.7,28.5,28.3,27.3,27.0,26.2,25.4,25.6,25.2,24.9
26,24.7,24.0,24.2,23.9,24.3,24.4,24.3,24.6,25.0,26.0,27.2,28.1,28.7,28.3,28.0,28.1,28.0,28.2,28.1,28.1,27.1,26.0,26.7,26.2
27,25.9,25.1,25.3,25.2,25.2,25.6,25.6,25.9,26.4,27.2,26.7,26.6,27.2,27.6,28.4,28.2,27.6,26.7,26.7,26.8,25.9,26.0,25.8,26.2
28,25.5,25.5,25.8,25.7,25.0,24.5,24.2,23.6,23.6,23.5,24.5,24.9,26.7,27.0,26.9,27.4,27.2,26.9,26.8,26.0,25.7,25.9,25.6,25.1
29,25.3,25.1,24.5,23.5,23.6,24.3,22.5,22.2,23.2,24.2,24.8,24.8,24.4,24.6,26.1,26.2,27.2,26.8,27.1,27.0,26.7,26.5,26.3,26.3
30,26.2,26.2,25.9,25.5,26.0,25.9,25.6,25.7,24.8,24.5,24.3,24.8,26.2,29.4,29.6,30.8,30.4,29.5,28.5,27.8,26.7,26.3,26.3,26.3
31,26.3,25.9,25.7,25.5,25.5,25.5,25.5,25.8,25.9,27.0,29.3,29.6,29.9,30.2,30.2,29.8,28.6,27.9,27.7,26.7,26.1,26.3,26.1,26.1
